{"cameraMode":{"drawMode":0,"name":"Shaded","section":"Shading Mode"},"sceneLighting":true,"audioPlay":false,"sceneViewState":{"m_AlwaysRefresh":false,"showFog":true,"showSkybox":true,"showFlares":true,"showImageEffects":true,"showParticleSystems":true,"showVisualEffectGraphs":true,"m_FxEnabled":true},"in2DMode":false,"pivot":{"x":0.9068732261657715,"y":0.9287229776382446,"z":-0.021916985511779786},"rotation":{"x":0.1220189556479454,"y":0.0020864533726125957,"z":-0.0002564447349868715,"w":0.9925259947776794},"size":1.7143315076828004,"orthographic":false}