{"cameraMode":{"drawMode":0,"name":"Shaded","section":"Shading Mode"},"sceneLighting":true,"audioPlay":false,"sceneViewState":{"m_AlwaysRefresh":false,"showFog":true,"showSkybox":true,"showFlares":true,"showImageEffects":true,"showParticleSystems":true,"showVisualEffectGraphs":true,"m_FxEnabled":true},"in2DMode":false,"pivot":{"x":1.633874535560608,"y":2.8343594074249269,"z":-0.582892894744873},"rotation":{"x":0.22975242137908936,"y":0.002045761328190565,"z":-0.00048293874715454876,"w":0.9732468724250794},"size":2.7548956871032717,"orthographic":false}